{
  "Linear Regression": {
    "mse": 24.29111947497353,
    "r2": 0.6687594935356318
  },
  "Ridge": {
    "mse": 24.312903830491624,
    "r2": 0.6684624359643557
  },
  "Lasso": {
    "mse": 27.57769177613475,
    "r2": 0.6239428734251422
  },
  "Random Forest": {
    "mse": 7.912745333333333,
    "r2": 0.8920995891343227
  }
}