{
  "Optimized Ridge": {
    "mse": 24.312903830491596,
    "r2": 0.6684624359643561
  },
  "Optimized Lasso": {
    "mse": 24.29454199724521,
    "r2": 0.6687128230636585
  },
  "Optimized Random Forest": {
    "mse": 10.262149588235276,
    "r2": 0.8600624549015823
  }
}