{
  "Optimized Ridge": {
    "mse": 24.31290383049162,
    "r2": 0.6684624359643558
  },
  "Optimized Lasso": {
    "mse": 24.29454199724521,
    "r2": 0.6687128230636585
  },
  "Optimized Random Forest": {
    "mse": 9.549693328976018,
    "r2": 0.8697777079344401
  }
}